{"cameraMode":{"drawMode":0,"name":"Shaded","section":"Shading Mode"},"sceneLighting":true,"audioPlay":false,"sceneViewState":{"m_AlwaysRefresh":false,"showFog":true,"showSkybox":true,"showFlares":true,"showImageEffects":true,"showParticleSystems":true,"showVisualEffectGraphs":true,"m_FxEnabled":true},"in2DMode":false,"pivot":{"x":3.821246862411499,"y":2.1594150066375734,"z":6.846244812011719},"rotation":{"x":0.0015096979914233089,"y":-0.0042041270062327389,"z":0.000002664820158315706,"w":1.000002384185791},"size":30.07587432861328,"orthographic":false}